ig_username,
edoardottt,
jelleattheoffice,
instamaskin,
___thelifeofpablo,
akkappagraphic,
conceptuel,
nellojoint,
ciunart,
jepharaujo,
filippo.soccini,
piotar_boa,
thaifurtado,
ethangaskill,
paigepiskin,
wowfilterscom,
davidoreilly,
giacomo_ce,
jessicavangone,
_lukabazuka_,
korobiv_denis,
dforl,
instapiz_27,
natachaborisovnna,
deltakatachre,
gycex_industries,
m_gotovac,
sebulec,
tmdanimation,
wessuri,
elin_margot,
arfluent,
rbkavin,
dasha.kochukova,
yulya.kors,
alinavelnikovskaya,
malf.visuals,
aandrebrryan,
caebbo_,
gianmarcoseverino,
pepperciu,
lorenzobulletz,
tortolagiovanni,
mansi_damiano,
filippocarlone,
sk1kko,
federicotrionfera,
__federicarusso,
fabrizio_cotugno,
elenapugger,
franknanninga,
makarova_darya_,
nahir.esper,
iamcraiglewis2,
loloarmdz,
sergiobaaaaaaa,
cybersup,
at.augmented,
logvi_boo,
zach.lieberman,
mas_iwenk,
gcrll,
caspermoerkerk,
nelsinhos,
fabrizio_saullo,
studiorobertseidel,
christianpugger,
frankiefrankie,
ftchann,
gianpaolorosa,
yana.mishkinis,
instafilter.ru,
anonamister,
egeislekel,
blackaypo,
icceeeberg,
kendramishell,
ferdaysss,
positlabs,
igabrisp,
robertobrendo,
ines.alpha,
joseguilhermeze,
bma_japan,
arnopartissimo,
visualize.mee,
instmask,
instamask.me,
olgakhatkovskaya,
valeryvistel,
chriseditingofficial,
aksinyakc,
tommamaso,
daiemly,
arcamera.jp,
insta3d_ar,
danmollervfx,
vsynth74,
dasha_cher,
oleg.pashkovsky,
johwska,
chrislprice,
slakeymedia,
liamo.studio,
csavenables,
tokyyto,
cardenasbrend,
afrosquared,
mate_steinforth,
ultrakawaii4000,
meredith_jae,
kylebloom5,
geyzerrr,
basphi,
menokillah3d,
yeahwowcool,
sergey_meza,
tomemrich,
tato.jpg,
exitsimulation,
kusamukusa,
smoorfy,
kevin.kripper,
billelis,
aeforia,
fvckrender,
lukehurd,
dude.sg,
trn_lnr,
vickyplm,
lucagrammer,
dvoshansky,
chrispelk,
lukalangabriel,
arfected,
marcwakefieldards,
yanka.onuchina,
sergiooturano,
janmahavan,
solar.w,
justinwlaurent,
okovii,
ya.molli,
misskogut,
yuliyabezdar,
tanyaparfileva,
catsi_,
dina_007,
amethyst.ll,
triutra,
vvesnaleto,
ilovediany,
sophie,
akikokoga,
leventehegedus92,
kilderov,
unoravanti,
sand_vespa,
effectization,
theadityaaggarwal,
kazruineddrawing,
filippoara,
neelkamal.zip,
ranian02,
txelah,
andrew_pugs,
zazazaaaaaa_,
yupmaddy,
niivesb,
antoniolana21,
ben_crd,
cedpra,
cristianbasher,
digitalsigga,
r.romatherapy,
hola,
edniskanda,
fedetc.exe,
elisey.d,
nfs11_,
andreaross.i,
ryofilters,
koebane.exr,
pierpetruz,
ay_uto,
nicolodeva,
guidami,
marco.cred,
ale_santa_,
edoardo_perrotti,
gennaro_jack,
kewhudson,
emilia_gozzano,
maurogianfre,
rosterizer,
francescomazzinii,
westwxxd_,
joostgeijsen,
edordo_48,
somewheresystems,
plat5ne,
nats.ir,
arfiltersstudio,
_4guss,
naza.carrero,
korobov_denis,
themattdeluise,
juottaviani,
antonellastone,
heythem.genus,
honeybhagya,
danielbeoni,
maizitto,
vima.technology,
roberto_nicolosi,
dobleV,
filipbaotic,
justgeouk,
net_vla,
_f_a_b_i_o_,
paikesetous,
_drksmblian,
azmacraifawh,
jovanvasiljevic,
say.rasul,
winh__xx,
chensparkhub,
rizkiprakarsa,
rkrd,
kyo_rion,
fahrurazizi,
frenchsinger,
veradg.artist,
noneed,
gianmarcogiordani,
rakakuswanto,
jamessmackk,
ludwigvancascella,
cindygozali47,
ppablorodrigues,
vincentsmdj,
gallivantingbean,
7453pc,
paige.corkery11,
nashi_smm_fishki,
vladimir.malyavko,
ulkerpro,
gijswahl,
shujaat.javed,
catamangudo,
_alisasi_,
tori_ray,
kevinaditya,
anirudh_th007,
franckarnel,
esterrojo_,
anthony.grusha,
biggorillamagic,
kevinxd_design,
celinmvy,
simrbot,
rylandbishop,
its_agus,
rosalesproducer,
cintelglobal,
organikideas,
gregorikouk,
snehaaldhruv,
salvatoreambrosio17,
eggyfebr,
badpug_,
its.gavriel,
nil.monro,
aidan.at,
nehcadesign,
ceesarruiiz,
alecampitelli,
katecalff,
sarahperk1,
alessandro_arcidiacono,
snnsy,
the.jughead,
glossykanji,
1opan,
natali.zmi,
josehasagun,
jessieg_project,
tamasolajos,
ciudadanodelavialactea,
leal.cc,
filldemaria,
ozonostudio,
onestepaboveheaven,
GerardoLucioMX,
GerardoLucioAR,
fritsbie,
sadfiles,
newarfilters,
leonardobellettini,
pashaaldo,
tea_travis,
pipiku,
sinadominocollins,
matthewcannon2,
sohailmehra,
gonchicasas,
animandostudios,
jennypelon,
ne.zloy.ya,
bruno.wx,
brygraph,
siloq.ar,
shahwalis,
max.van.leeuwen,
dextroblue,
bethwickerson,
alexiszerafa,
dikikul,
goefan,
tadejarenner,
studioanrk,
dzraufana,
maucardoso_,
svenhphotography,
yayanhr7,
ghettorock_lab,
poli.foto,
yanaaani,
choubidouapierre,
martiinga,
angelodenick,
dan.dan.baker,
yodooza,
lookaheadlabs,
shaaan.ar,
solucoespeak,
moreesika,
karolviebrantz,
lautaromendez,
arfilter.co,
lolmel,
dami.diamond,
benjamoring,
samu.pgn,
305in360,
itsnickyart,
andersandme,
sephclifford,
ojotapcosta,
victorboncas,
patulecofilomeno,
ellicapri,
sarki_errakui,
nathaniavishnevsky,
dorkycam,
uncleapomeme,
stellabellingeri,
francolanfur,
vr_ar_vienna,
jezeli,
allyesse__,
pasramd,
harvmanbagus,
xopherwallace,
drearea,
peshkov.k.e,
vivacchio,
mercurrrrrrry,
samperhapsnot,
emecampuzano,
josnib,
alright.darling,
alphacoded,
yeahbuddy_chutch,
sabinedevins,
pedalleo,
urbanrevolution101,
turbo_johnnie,
abejacruz,
Anais_arenberg,
casiestewart,
jnnyyoo,
ni.mino,
carmenlichtenberg.de,
cristianriverah2o,
Johrickwijma,
sketchingcy,
marh_samh,
arronmarcus,
esperstar,
saoutanaka,
andreantonella,
kasaigreen,
pedro_l_j,
supernerd_,
ewamos,
marcelaalegrias,
regitadyahayu,
inboundingbox,
Spaghetto,
micheloz,
martiiitram,
tonnoz,
aaron_proffett,
brujahahahaha,
danijotape,
fanrsd,
ylanderech,
sarahtannn,
ilhamahmadp_,
riannaelisse,
lucy.filter,
splendid.photography_,
gerosan,
krisna.sw,
cherylmia,
3govideo,
odetothemuse,
star.2077,
arditdm,
ginanjar.utomo,
diruuu,
jb_lifestyle_1,
eeyernlee,
itatbaby,
kuni,
lsfzia,
modeaxe,
kylobre,
snail_prince,
sashyck,
halvarad0,
sivaniram,
patmsphere,
Hardik.co,
justshermz,
mmreuysal,
snthzmrs,
konstgram,
sputnik_eee,
tijaboo09,
dks.gofk,
_kuroneeko,
jxketan,
timothyrandy,
martinamartian,
asapdieter,
AlvaroSicilia,
masha_casey,
eppe.exe,
legrenierludique,
magvaerdig,
ahmadilham99,
hung.key,
anitaesse,
dimitrivallein,
jay_oh_lp,
jessicaa_canale_,
mercurioretrograda,
luciesoltova,
chadwitch,
exit_spain,
prakashph,
gstv_andre,
diorele,
ahmd.zai,
ui.helen,
helen.ux,
endorphins_shot,
azilbilal,
gabrielelakhal,
backpaula1,
emmedimazzo,
to.keep.blooming,
tantricsurfer2018,
de.nismo,
firulligiuseppe,
didihansya,
henriquealmeida,
sallysativa,
adamrafiqi,
thatsmeonline,
lapaeva_t,
suleywanhilmi,
claravsl__,
paula.casado_,
arakris_vfx,
jhonyaugust,
arttkid,
lucifar_mask,
albestio,
hassan_ishtiaq,
dani_aguillon,
thiagohuszar,
jamesfrewin,
neeshaposts,
entropia_f,
lucascheung_,
woolito_studio,
malifp,
cristiano.marotta,
singyebidhajimba,
elenagoues,
lesombrefilsde,
p.tanita,
shimmichoo,
christiangreitmann,
tenessees,
andressaressam,
katyaelliot_masks,
imakakn,
yanapoluban,
hilapeled,
ivythingsgood,
hankalski,
dallasvicky,
fedorkorn,
ivan.tride,
tomdavies,
joosenetoo,
alinaflorinska,
kar.ina_,
ks.serko,
a.t.stroud,
codiblack,
antony.ferrigno,
ryleevigor,
vi.de.or.bit,
diselipin,
headraft.xr,
strong__fil,
followtheket,
mrve.38,
neosoda,
juliadudok,
valeriya_bulaeva,
dani.goltara,
sparkyua,
sense.lozen,
kekkafra_88,
shanatlk,
bocorots,
elena_bashan,
v4r0l,
franciscaplazag,
kevetica,
dushko.alexander,
enmanuel2109.03,
jenherranz,
irisyrman,
bypaulla,
_zhena_dekabrsita_,
raar.uy,
anzanulzikra,
iam.danev,
wm.lla,
seregaosnk,
esteaw,
dontcallmepapi,
red_piaf,
abbienaija,
dormwell,
dobraya_kkobra,
georska,
akssik,
feisalfarhan,
vatonutti,
schiavolibero,
amourr80,
ohdelele,
fusy.after.coffee,
wunostacy,
anima.gramma,
arisha.la,
luca_macaluso_,
hen_rico,
costantino_forte,
nsuestudio,
princesaenara,
dhinoharyoo,
chiaseeeeeds,
gk3,
CosasdePuma,
sughoshpandey,
andhikamhndra,
malina96,
romanrolnik,
yulia_beijing,
na.ta.luna,
nibbio92,
ivansasi,
adkandari,
vitulox,
igorsarinder,
bytda,
imdele,
vladisimisius,
filipearantes,
plakiduyk,
rafael.xl,
ramenpolanski,
flologram,
bdimitrov,
alexandra__kisa,
juliaroga,
himir.dara,
rokashii,
dannyfranzreb,
catwichayapron,
mayracadengo,
rust.tv,
iameniscinar,
anchor_sg,
LynnAbunai,
adityanasri,
fataelislami,
katanicnjegos,
jonnyonthego,
guusnara,
oelun_magl,
7ossam_albesh,
alex.dohotaru,
vobrevko,
ju.mooney,
grishaeva.law,
kiseleva.sasha.ph,
ya_gadya,
nelzster01,
felipesalves3,
amberarcadia,
mattcrump,
nadianraulya,
liannetokey,
dylongfiala,
darigurova,
rafsgomes,
igorsaringer,
mariya_bright,
syilers,
lisa_kiiski_fi,
luccico,
lyna_com2000,
kraavec,
senya.ks,
ilcasa,
msnechaeva,
liliya_garbar,
sabrinamesdesme,
carmushka,
_kovak_,
rasslab.sya,
daria.pimkina,
whitzhu,
maxon,
maul_olya,
m__octrn,
_plac_,
deviance_,
ggkhan13,
trashymuse,
dricaterto,
tuhsya,
ibuprofede,
princex_13,
tinoca.tinoca,
gorlva,
julliana.dev,
eiseaa,
SparkArMe,
brennofaustino,
la___kee,
l.e.b.e.d.e.v.a.24,
m_pidgajetska,
_tt_toys_,
nelovchenkod,
takemewine,
rusevdmitrii,
_vlo_vlo_official,
whatareuflexin,
adelya99v,
maars_69,
farkhatbaysadykov,
sur.command,
aahuba,
nneri.sh,
zoxy123,
v1mal,
bjt.cool,
c__f__shi,
dn.agency,
matteoangeloni.jpeg,
willisthelimit,
indrix94,
nicobilinkis,
miss_gijck,
captno.jh,
_tayren_,
403.fly,
peterru,
suemicriscuolo,
gu_christopher,
sarionss,
desinz,
manuelhandika,
mario.bo,
pauloferrdraw,
paulostoker,
nicvedere,
https://Instagram.com/nicvedere,
ssstudiosssam,
andypicci,
wrld.space,
jmerenda,
Beauty3000,
mathieu.ernst,
Tokyy,
yarovyivladyslav,
zikkioph,
alessiodellasanta,
2005_danielus,
tomaspietravallo,
daniel.cioc,
tentangstories,
teo.grigor,
evildill,
d.lambchops,
danielgabela,
demetrius.mp4,
pelayodiaz,
vamonke,
bangerooo,
alwayscodingsomething,
jannahbondhill,
sfwelm,
gyrolanna,
adamdj.jpg,
emilyskyefit,
mayttearaneda,
giuseppescognamiglio7,
gentisosa,
serefitfun,
framancinii,
danielafruzza,
3bbsanc3z,
gourav_majee,
stephenspace,
evgenia_e6,
alannawinz,
thebandanaboi,
blackyy.rose,
hmm.lin,
teijaboo09,
_udart_,
conectan.ok,
kadusilvacavalcante,
farhanadk,
cilsegunel,
adriangirbovean,
australiaproject,
dylanbal,
nickjeffz,
allangregorio,
create.renz,
corinthsuarez,
ishaantrehan,
alfred_david23,
jventurespk,
nat_lyyy,
hrithiemenon,
hellojesuschrist,
zuccedx,
rian_nonsubsidi,
suhaimizs,
davebenroberts,
danielameroc,
abbiepeach,
william.i.p,
jlnol,
tadmit_interactive,
alexctexeira,
soy.diego,
holographmusic,
kevinxmita,
dulce303,
vef.studio,
vjmorochoo,
waagner_cwb,
Utkarshaarfa,
aaronnervs,
jonshelleyart,
mieshirlv,
iamleonard_,
tatiana.art15,
emory.tan,
karinedacurry,
raditamag,
sarahstrohmii,
_boscayolo,
mona_birkas,
atwero,
contrasika,
klemencaps,
annahas.business,
dhirankarki,
tellandtales,
via_bernas,
pkaran_,
gerardovarone,
burakartist,
farziphotographer,
frenzy.works,
mydoodlesateme,
j0tappe,
jshu.creator,
t_iao,
itsgraceohh,
_____matcha_____,
kristina__323,
tomasmobri,
somovanya,
pranjalnahata,
xbrenor,
viniciusramos,
alessia__palmas,
mickafreak,
amnrhm,
scottmartinss,
manu_ace1,
nemosi_rimpeti,
lucagosattii,
kesiabignotti,
donatodimeo,
jypleo,
gennaro_fattoruso,
manuelgiampaolo,
martidall,
laaura.riveroo,
martinadibona.psd,
loujellyfish,
benny.cicio,
gabriele.maone,
michelangeloazzariti,
fiumedistelle,
francesca.lodo,
scarneraelisa,
paolo_carlini,
luca.daff,
sistiana,
assholeram,
svedese_,
giulia_marzi_,
carlo.parisis,
dallacosta_s,
its.pego,
pierlxrd,
martinaelli,
jaaado_,
francescoacriph,
vedant.shr1vastava,
indie_gamedev,
monteezus,
jorik.rosa,
mszerel,
emzeto,
debbiemenezes,
maximilianprag,
chaotic_angel_xx,
ntancredi44,
zaradrei,
mihailv_photos,
imlouvre,
communeeast.tv,
donebyreena,
irissraa,
abrahamrkj,
biaisi,
ptaiste,
42n0ah,
studio.blackout,
derishaviar,
monowhales,
sally_shaar,
carlosoarturo,
dev.lbd,
invasionecreativa,
espanto.exe,
daucuslapu,
lukabestavashvili,
tur_good,
rizki_kurniaa,
alessio.prproj,
Panchamiblogs,
mariia_leschishin,
arkhayito,
maria_alexandri,
shhhfrrr,
yaelahfal_,
lorenzo.blanchet,
evaight,
kofigramm,
dvir_navot,
bradley_downer___,
sherline_kinyanjui,
jahfameherda,
peppocola,
matheusspinto,
__margie__,
janemayskaya,
iqbal07_,
markeetox,
elweechosaurio,
b3nrichard,
christian.cannata,
daughterofbell,
rohanpandavv,
irhamzl,
ujvvalll,
wei_jefferyyy,
biialolli,
oh.no.its.kururu,
millymdlc,
jusjestem,
henryjai.png,
lailaitr,
brendanhernou,
joe.campbell.nyc,
williampputra,
federicoceccoli,
veronikashan,
kaidder,
anishjain_,
jiareychang,
thisiscaputo,
diegorenemartin,
mattiaarmenio,
_.nfikri,
w.vv.vv,
lazy777,
Carantella,
hermaniaca,
viniciusdeliz,
marielladllt,
camilafallerdesign,
pondskaterstudio,
apriycot,
samucadc,
barbara.illustration,
variatiivizuale,
tyagovms,
raimistudio,
zaeci_,
kristinavilyams,
ricebowlhead,
dachrisrod,
fijiwaterdrop,
_nthea,
glauciaafs,
sheilasousant,
infoix,
buggieclub,
trentpark,
dangertoon,
pesaaal,
jolienychan,
irpannst18,
beto_frs,
vinizimmermann,
phoebemooon_,
jalaluddinagus1992,
mont_sasha,
wrudrow,
byrmik_,
giorgiopivaa_,
igor.zhurba,
tori.smi,
_emmanuelec,
kewinlima,
aalejaandrx,
anyazhikh,
carlitoscantero_,
er__ger,
_vasilisova,
ruzaone,
alxesey,
sabintag,
sashavaghn,
jin.59y2,
selenagomez,
aweeeex,
after_form,
holymariia,
max164,
cachorrosabroso,
helena_dong,
autonommy,
jullia_alekseevna,
howie759,
thelifeofalisher,
jonhapirlo21,
youaremyanchorpoint,
etiennedeloraine,
thisreo,
dismalboyz,
fahmmiee,
bariscavusoglu,
stefanomaresca,
davtyan.d.g,
larslagaisse,
smilesharks,
turbinushka,
byjono,
tanwithme,
hello_shiv,
rikosteo,
mrcugi,
officielmaz,
natali.nebb,
yok.ski,
lihikatzur,
misssvikki,
indraenk,
jemappelleadrian,
dandiluhca,
matteo.mezzanato,
cet.intech,
ar.booq,
aleefrank,
bittermesh,
helinandcetin,
pablozwrong,
chloelee1404,
thyagooliva,
emidesdeelfuturo,
c__k_,
maxime.gomes,
sim.owo,
hurtado_isaac,
rodolfodealmeida,
_tayren_official,
matthias_neumayer,
mnur.hafiz,
sierraanoelle,
zhurkvanya,
jason.kovac,
natived_,
http.matigrimberg,
eryksza,
mxtheuso,
oxegus,
bilgwnn,
j_tlaga,
bedesign__,
jhonnygcosta,
furkan.ca29,
nataliesioo,
vhs.alessandro,
a3qu0r,
frozigram,
iana.chtro.mtl,
dylan_perel,
norbiyo_designs,
silvmats,
mattia_porqueddu,
nik00lo,
dseffects,
julia.hyojeong,
heroentertainment58,
n3eljoshi,
flamingo_filter,
rulzmly,
jhn.yyy,
ok.rykun,
bigmoustache,
pauliakow,
adrian.face,
katrinpi,
elliotcohle,
maxsder,
tabithalfaro,
enuriru,
_christian_neri_,
arthur.csgo,
mariamismusic,
shex_7amada,
blogi_,
g_alex8,
bernarmillan,
eglihoxha,
jame5heen,
adit505,
thenotoriousmarco_,
sefamaz,
sununguro,
alleksandrr,
kleinemonche,
sxfiasantana,
aldisaputratanjung,
vale_986,
realise_agency,
focusp_photo,
andrepavlyuk,
_lucabazuka_,
agam_boby,
dimeedel,
ialexanderbrito,
delaaah,
tuscar,
yuriffonsecaa,
thereal_lozi,
valentinoliu,
yakiron,
enzoasuni,
silviadewiiiii,
fagnerandrad,
aldi_saragih,
cyberpathology,
matoss_eduardo,
barbosajose,
chiaramarie,
adityawinocita,
sflame05,
kongsecuencia,
evgeniya_sukhotina,
sultanadeloff,
_dawal,
dangtz.mx,
shdzazmi,
inhershoesfoundation_,
asyrafaaaa,
bayuuchionks,
qreal3d,
alnk1,
spider_lex,
dheloc,
ana.bachiller,
gfxhaptic,
farfan,
caffeinatedbynoon,
mbagusnugraha,
akorecebov,
filt.ar,
basrimzaid,
luxundzebra,
quentinftmnt,
yvesposure,
lenatemnikovaofficial,
leonardoomachadoo,
nuggetroyale,
juliataskaeva,
its_riko04,
wondanland,
b7nja,
claytxx,
brittneyscott,
mobchaixo,
__annafoxy__,
gimenobaruque,
hiideto,
pascalscr,
santacruzskateboards,
lukag64,
sindytiaulfaa,
my30sgoing,
panichevskaya,
javierramireze,
alessandro__arcidiacono,
to_meme,
petarxiv,
ozy635,
pillandpillow,
sofigoijman,
claire_most,
ya.frolov2.0,
gbrisp,
s.alenaaaa,
jetlag_,
carloscoyac,
janpetrina_b,
antohze,
brazhulya_,
mitsukokubota,
anana.ya,
epic.young,
anastacyz,
georgio.copter,
alin.babkina,
matimoar,
ilucasalves,
kerop1no,
antonio.ruggiero93,
juanmajacinto,
raushsham,
madeindexel,
bayerischer_rundfunk,
mixaill_s,
demoortom,
webtoonofficial,
samiwhami26,
joel.cgul,
avonnokaz,
galangsw,
maxweisel,
thalysteix,
airasia,
marshmellomusic,
darina_charikova,
erthh,
devolist.art,
melihkutaykaya,
rina.ivory,
anomyw,
vabbe.it,
augmentedidea,
ryan.nt,
k.bruk_nicole_,
annasedokova,
karetsatu,
ally.camargo,
os_filters,
fa1rydoll,
neonb0y,
loveis_travel,
paskch,
canerergur,
baugasm,
byrafaviana,
markjuniorx,
ozcelik,
aniongvin,
therealbezz,
pablocouso5,
nadia_kyz,
lusca.stark,
fydiog,
callmebayley,
itsnotchristinaa,
maarkin,
krupskaya_,
f.ahmad480,
julia.radice,
anggarrev,
rayanmill,
noordhanju,
wearfilters,
ichmiles,
meri.grant,
jessicaluxe,
bourgadotin,
selmakacisebbagh,
baby_choco_boy,
lacerdand,
ruannxaraujo,
212km,
otavioasg,
nikita24sib,
alvarosicilia,
gokhanvevo,
m.brewko,
ozanozcelik,
virgogotsauce,
tongchar.a,
raedfw,
ebenezer_id,
anu_nack,
liberman_dasha,
zophere,
novoxyt,
andriellyneri,
valeriya.ermilova,
ohmyterv,
reynardoew,
neo.cristo,
hrnktrk,
cle.ment,
mkdgr,
demina.katrin,
elliotisacoolguy,
_liamwilson_,
firmansyahbl_,
yury.digital,
linusmercer,
somatina,
analogpscr,
brunogalucci,
atillakaan05,
ivan_vodka_medved,
p.aran0id,
hernannes,
jaanikameleon,
roy9180,
elisabeth.strack,
sessasessa,
nabilrach,
zykina_annetta,
pipecastrou,
anton.alpen,
vadhercreations,
eversxn,
laurelwholihan,
mcwidi,
erikbernacchi,
nirougi,
alexeysurnin_,
_hendrasusanto,
jopea302,
nicolasalefer,
rechcamila,
fawkek,
felipezimmermann,
leoplucio,
the69th,
princessbulba,
huviart,
xytio,
bash.yams,
matteo_monteneri,
hellmalware,
magnoliabakery,
krlamama,
ukevins,
patricknx,
kripyfacil,
omega.c,
jpmota,
dasha_manukian,
hannahalencar,
hekpo,
signorcollo,
alfredo_scarpetti,
jarct,
whiteabysses,
chmnda,
aldisaw,
be__the__art,
spaghetto,
deabdil,
budianie,
argitendo,
noorbagus,
marioiglesiass_,
vo__lk,
butterfliesinthegarden,
maximkuzlin,
laurentmarcus,
alancmir,
alohagaia,
itallossilva,
superfanstudio,
j3nnout,
mom_kozya,
infinityguitarz,
carolepkc,
festivaljoaorock,
linkedinbio_,
cryptomichelle,
charreel,
aleessiam,
matititich,
burst.ie,
pedroafonsodesign,
se6undo,
joacosevitz,
caikeschmidtberger,
jaworskyj,
lperezsanders,
lq.nt,
lucii_ferr,
alexandru.strujac,
v.boykova,
dianosaurier,
kriangulo,
matteocopparoni,
elracodelhipolit,
fangoria,
afg,
brusleinn,
mas.bruh,
germansosaya,
wulanrussell,
ohmysnap,
julysnotes,
jonothankh,
flasho_d,
viniwho,
caincreates,
darumasushi,
aayled,
mzzoom,
rofirahman_,
fedez,
emi.fls_,
sorrynotblogger,
kill666x,
jerzy.pilch,
adriandallacorte,
alina_troshkina,
fenrichf,
aylenvenus,
fasdirnuur,
nastyushkagalaxy,
joaquinglezf,
arberelloo,
nomejartes,
chrisliuu,
marinabraunnn,
krisvarlamova,
chenkushnir,
sdrnsdrn,
ilustraris,
viniciuspfaria,
ilustragabs,
minication,
kyo_p,
noviraanggriyani,
anllems,
aleixumm,
filza___a,
brodberick,
panthera.ig,
qz.w.a,
apasynkovaa,
hermoti,
cele_ciruja,
khromny,
syazwanaizad_,
juanmv94,
wind_style,
deroki,
shamota,
baby_lisssss,
bojackhiddenjokes,
mitsubishimotorsbelux,
douglascabel,
pre_historic,
sofichii,
apollinaria.me,
n.replyanski,
mcocyouth,
hatchandsmith,
lucatt98,
scarlachs,
masharayskaya,
cosasdepuma,
_get_ar_,
rail.power,
sayonee7,
aelitapn,
imfcku,
alhakimchai,
melukasi,
kumovana,
elan.music,
ne2rk.io,
habdulharriss,
bryant,
fahrezaos,
jul.mays,
popkapirozhka,
walttastic,
jull.ova,
maximekischine,
guccibeauty,
eugenioxs,
kirillzavadskiyy,
borderlivv,
electrifly.co,
gdonisi,
tsvlena,
achdfaizal,
ekaterina__di,
deoeffendi_,
pelicanpartystudios,
smoritz127,
fr1gh7,
nikmsw,
boldkarma,
pinkarinam,
martynovanatalya,
vision_ar_studio,
juxnluisb,
lissa_perfect,
thehectoor,
robertuuus,
kaayrel,
crackolino,
beardinberlin,
popcreaturebr,
miraslauuu,
taticoelhoj,
basilidebaptiste,
martyde4,
bvrhann,
bellaesguerra,
sonchodien,
cristianyoji,
_martidigio_,
kingdiims,
nmaierr,
arva11,
yarinlidor,
atiunlika,
i.m.noel,
mariefeandjakesnow,
khatamiakib,
maximsap,
itsjustcavan,
nikapopylina,
horizonfound,
louisedebast,
yegor_ryabtsov,
raflyfb,
byevelina_,
justboomy,
deidealewereld,
alibek_maski,
khartov1,
aaaaaneka,
nikolayshaman,
dimitry_sinter,
newcolor.studio,
maskdealer,
lionantony,
anstatran,
raphaelaalves23,
bryantph_31,
ramonathorns,
undefined,
francescasistii,
capitaozeferino,
allanberger,
rodrigobends,
juanjo.alas,
annecy.cornchip,
huntthealien,
netojab,
luca.songini,
neonilla_berdar,
ricardodperis,
kuno.fell.asleep,
remusicx,
skellerdy,
morgylh,
verynicefilters,
moschiorini,
florasmz,
siraisil,
foryoufilter,
efect.os,
efimovpavel,
elipersil,
tomihq,
santiagomiramonn,
iamlazykat,
holyreptile,
notta.bot,
rabel_diseno,
olyaefros,
ollybers,
alinelorenzo,
anabarbozastudies,
tapaafandi,
onlytrashit,
rodsquare_,
tago.b,
gcarsf,
irina_maski,
f.feazaaa,
vastylez,
yanamurshe,
itsjasminkiefer,
sabrinamendesme,
kikiiiiiiiiiiiiiiiiiiiiiii,
millky_milky,
faustocoscarelli,
mrantoniovalenzuela,
chungcy,
jeliseeva,
miuzard,
confused.mom,
thallysdesign,
atiunlika.m,
mildd.s,
kingdopico,
romanoviera,
tarasius_,
briann,
kikeee.atwa,
love.is.masha,
limitd_,
diego.iturriaga,
caiocarvalhar,
slav4ikk___,
mateuspink,
iamvictorcrespo,
artkatana,
_cusmar_,
proverno,
frenetikvoid,
maltegruhl,
victorsntos,
kateshanons,
ugo_legozzi,
lydiatrash,
nicoleonyiaa,
dudov_s,
mrilhaam,
craftik,
bloganap,
jdx.life,
kate.ogr,
dinabxs,
shinee.s1,
sfr.officiel,
irmakataman,
_stepaa__,
pietroalencar,
feliperubiomorais,
goismurilo,
rad_mirus,
alenafine,
xconfleis,
annyminai,
harriet.blend,
dmitrieva_eliz,
olya_interes,
funny_jen,
nika_borisova,
koberzprasetyo,
lenavorontsova_52,
curivinicius,
kym_fiala,
miss_liana.secret,
naschies,
gabrrrr.qc_,
asos,
ninok_gusek,
terbium.99,
yeiyeiyeiyeiyei,
vickylub,
yuliiask,
pintordenubes,
alpha.art13,
martin.minteguiaga,
cuestaluis,
planet.bich,
ilhamrofiqi,
office_is_dead,
davidpripas,
fegrimaldi,
yula.pro,
joshbocanegra,
davaa_23,
timothiellim,
candylarkin,
jeremydhavanka,
lazarnld,
airdeck,
achrisribeiro,
mama_patsana,
slzrmaks,
kolasky,
dojo.do,
ali3jackson,
stellarcircus,
soymenke2.0,
teslond,
mldshv,
gadangfawwaz,
three.swords,
aditya3n,
matador_motion,
spookybad,
tiocinexcepcion,
imdgod,
wundervenus,
polubinskaya,
itsjolima,
studyvini,
rabiscodeletras,
mensurpelinkovic,
li.ket,
saliberko,
_blue_kingdom,
marindrew,
prince_rivas,
elefantediamante,
mango_dangow,
va.sty,
therewasaghost,
luivencato,
sasamonterosso,
satrienesilva,
shpa.k,
felipepantone,
dmitrygaziev,
na_thanalves,
martem000,
lfelpi,
anaid2111,
othomasgarcia,
richardnatan30_,
khodzhaev_azam,
whereismybrendon,
dashadimovna,
cyber_niko,
carrerasoy,
itsdanimora,
christiandeleo_,
vickcammie,
turistastv,
batalova_v,
edsselfiestream,
agathabahiense,
vimneto,
mariamilonchenko,
vicbang,
roxys_choice,
alter.nasty,
anastasiya_66613,
alngreg,
vdvchnk,
vrednayakowka,
starkova_dasha,
gabyy.souzaoficial,
adilsonoplasta,
snejanaa.blog,
kristians_dream,
legostaeva_olga,
matasg,
okudart,
ktsarskaya,
anasstassiades,
gantsgorn_aleksa,
matecocidos,
codymillers,
riverstunt,
darazimermann,
carapherlina,
gallellilucas,
gabrielepreziosa,
mairoarde,
_olivier.it,
tim__mee,
chrishigaofficial,
tomin.works,
melemonster,
evoscomics,
agus.inclan,
nastya.maski,
onamadderz,
marin1555,
jackmadd,
thiagobogut,
lowellrobinson,
sheidlina,
makerlounge,
mikemanhworks,
lagosito,
jess.herrington,
wardyworks,
elya.boz,
hansaenz,
kawaii_filters,
virtupollo,
parichat98,
nturetskaya,
pel.e,
dorian.notgray,
janiecph,
ksu_loe,
dariajanegova,
spase.mice,
psyckaholics,
datasapiens.life,
koyoarai_,
buxsu,
stevenmeireles,
superba_ar,
nissla,
ikeanederland,
palasticum,
late_fx,
marianne.adriana,
segundaestrela,
ravij_inaflash,
middle.zone,
alessio_bonfiglio,
yolandaop_,
unitxy,
irina.geld,
noah.crtv,
ivanpeavi,
_galuza_,
maomaaz,
ledmiperfect,
benjxxm,
bakhtiares,
itsmattb,
canowave,
jamie_made_a_filter,
annamartovskaja,
eujoanito,
00f.agency,
why.not.say,
ayro667,
reis4n,
tzujung_,
maazzuur,
halloelmer,
mansurov_211,
cruxdenavajas,
veklich.web,
braianrizzo,
rowndivision.catalog,
victorialamberte,
pouz_,
sssteller.s__,
mnelllss,
daviidmen182,
caseymcgonagle,
chiaraferragni,
raykerus23,
__siswanto,
genarogatogordo,
hanpangestu,
vladlena_shelegina,
_ochemhotite,
belikovaekaterina,
shmandrovski,
anajohnson,
jomanr,
emilberzen,
danaisssh,
maritsa_ef,
prlpskk,
lachumb0,
reezzygram,
cherrydaiquiri_,
francescomancinistyle,
itsdudx,
anastacive,
viikeriiv,
sofiadavico_,
bellaborgesoficial,
po_vorontsova,
normalnaaaa,
vyssotsskaya,
anikey.n,
nurlygajanov,
iindairoo,
valquiriabrito10,
viktoriia_zelenska,
tomasj,
lili.mori_,
filakkuma,
jomostk,
obed.nbs,
kislyakovaa,
leomendxs,
felixbuhler,
viktoryas_photo,
liliconika,
xenomorphbi,
dushechkina_lena,
iphone_filipe,
filipeafns,
alya.probranding,
_anafreire,
myz4,
luchoegonzalez,
rogerborddemer,
kadyrovrob,
riccardobaldani,
karaaasss,
borislavalexandrovv,
soueuric,
damienmescudi,
eduard_ov,
petur_eggerz,
_._vercax_._,
_freshhserf_,
bangsasaiyaa,
versace,
ryguysa,
shoamasraf,
klandth,
_no.sence,
krizxl,
guzairov.timur,
abutmenty_protetika_hoffdent,
rezadhygta,
ruzainisamad,
ignorance1,
krisismeow,
mmmingku,
heryadirisnawan,
dickyherlambangx,
lucarinigiac,
barabusik,
namwxan,
pinakes,
katya.krasnikova,
edefedsa,
juliaekng,
robertschoenholz,
godford_,
vanguardiavirtual,
vari_vn,
martinmedus,
able_filters,
amorenushka,
laninadelsud,
nocedanielle,
gabrielgabrielgarble,
akbarrahmatm,
marlonmax__,
effectsfilters.mg,
purple_streeturchin,
sabatobox,
svvvphia,
sherytaaa,
carlosllevi,
denny_kad,
_michele.doria_,
bruno__bach,
masqoi,
leo_final.psd,
andreak0h,
gggautier,
pv21design,
lucalodi,
onceuponajrny,
una_blue,
lischen.lestrange,
parimatch_esports,
dimka_koval,
darya_dabda,
thuzzzzzzz,
gnwnd,
cauldron.pt,
weslley200998,
saydestinee,
5seis,
oeildusentier,
antyantyagency,
nikolajcorradinov,
mrmoveee,
lucamorello_,
yakhontn,
enricofusco,
1zakireh1,
affectionatesadist,
mamkaofsnails,
smm_catherine,
ave.pole,
mich.off,
gustavorocha,
niallhoran,
vale_denicola,
lollaitabuna,
boonjun1003,
ira_nekrashevich,
alenr,
sarahbrodsky.love,
sarah.teresi,
sarahekanazellaa,
sarahnurhawa,
egordias,
alvaro.gmx,
vikarter,
darkscorpleader,
visitsalvadordabahia,
d0nn4s,
sasha.zhukov,
polinaananyeva,
di.storto,
antoniocasillas96,
alexhyg,
jessicatessitore,
tommaso_hihello,
tstrotbek,
tanya_keyk,
kevinlauws,
abiardh,
riniriyanti,
anothertokio,
myarmask,
tiiarachr,
alien.j.studio,
percolategalactic,
asonx_,
animated_reality,
benitobagass,
yellowbackpackproject,
ragilooo,
haritahov,
makeup_nasilnowanastya,
dzen.hub,
disneyohanablog,
cynthia_11271001,
bigbechen,
creativegeniussa,
papaontaa,
bankmegaid,
drifs,
kardorussia,
topanndrwn,
husnaulfh,
fluffybear.studio,
meredith_7h,
snappingdogsclub,
inst_posejdon,
danilito.og,
priscilarojas,
cindyy.yuliaaa7,
aboutmarymay,
_.yubieiqbalsyah._,
dead_silence53,
working._.dogs,
hello_am_new,
staners_id,
saskeeeeeeeeeeee,
espinozaclaudiolive,
kamiekinn,
ekartnx,
nidyaaf,
etanysk,
mrifqiiw,
mialiy_,
jasminfx,
shunji666,
koigreaz,
sellysetiawan,
reginasleftphalange,
endah._,
gabifcavalcanti,
uh.meg,
crush_at_me,
yoyomewww,
yourhalalakh,
dreamworksshera,
rheinafaradilla,
dikinandapratama_,
babelonians,
vhsabel,
pucca_poland,
houseofphrem,
akhkamilhakim,
deerbil,
luni_falcon,
pollen.uk,
kholif.mthr,
christjoe08,
temabrewru,
hey_mark_0426,
mandidiblackhole,
huggies_russia,
fishrockforward,
colourpopcosmetics,
petxhgi,
73rna,
mmusport,
nicrific,
thebestfiltre,
nosenseforeveryone___,
pizza.0211,
breydbot,
kausar.afdillah,
pollinatemyheart,
thomas_servera,
fishingadvisor,
valerio_carilli,
berbunyicekrek,
technokekko,
jennycraigofficial,
itsdimss_,
jonatasgamasouza,
maxmollison,
lemigliorifrasirap,
dinamexx,
chhcost,
paulinho.yo,
laaa.wa,
flxgs,
cibelly.lucena,
_.thaci._,
collabary,
srto.cantos,
sarabeautycorner,
_lucid.ez_,
stalkerandoghali,
hardrockcafealmaty,
prvatepractice,
insta.filter.private,
masks.by,
fabiojeshua,
yuriiiiiiiiiik,
sofia_capurso,
dmshsalttoad,
ttatta_urbanart,
jaimefx,
aleeejandro21,
ib_explotation,
gentlemensclub,
jonathan_alpe,
marcoging,
crearecreativita,
passaae_,
jogosdigitaisbelem,
hugo__fra,
pb.uz,
ferchomochoa,
rugbyvoros,
artik_pic,
fernlalitapan,
youngdevil666,
streetboba,
shteps_s,
pollyroudge,
patty11266924,
kekko.sime23,
brazcarolina,
__abbogo__,
alicerussolo,
kevindemarchi,
white_mist_rnd,
jmusports,
igorcantero,
tekee_lar,
dwikiferdi99,
vrncnnn,
aessenciafarmacia,
chiamamipescio,
lucky.sushimx,
falcaolucasart,
bigfamilynewera,
simonetollot,
k_romanow,
samle.pirate,
dor_hagibor,
au_instamaski,
mintbearcom,
sandyekopriyatna,
mr.viatger,
notnathanwilliams,
teal_mare,
sagar.jhajjari,
orexov.mk,
thecolvinco,
amamentarbaby,
_adelintiro,
vanialim.vl,
godovalova.s,
dk.film,
deviraaas,
jamaladriansyah_,
danielardityo,
danielsmnv,
leone_officiel,
forsjkee,
jolikizi1,
true.s.club,
aniascua,
mikhalinakris,
mhdluftiii,
joeycoolemotion,
oramiparenting,
nawaan_an,
deericart,
_jc.tsai_,
catherinejovanka,
vitaniamartina,
rakhelfrhhh,
yian_16,
bahrulbangsawan,
gatesheadcollege,
fahrulysf,
dormeo.si,
animalsabbath,
drickkks,
152_ling_,
sezer.yunus_,
avgeekchronicles,
bipolartes,
banhuat_sdn.bhd,
el_vetica,
goryya,
blin4ik112,
lagrossefamille,
bounce.404,
andreasjkhoo,
fancy_smth,
sportimagem,
hessamnadr,
givenicebitch,
ghost_el_phantom,
bluofriends,
thacintra,
shustrovanna,
kirillsavenkov,
mei.sanjaya,
topts13,
oohsepin,
mobileaccepts,
kytomq,
ethicasigorta,
_.georgeeeee,
santirequelme,
e_dreamer,
mhrcko,
jehovx,
cristovaolimaa,
sofinasetiawati,
samubrx,
4kiev,
plomary_,
fathurrachman990,
notsovicious,
alenka_radchenko,
dogstrust,
dhafinrzk_06,
hoorayheroes,
rinegg,
junowave,
nikita.mylchenko,
change_fitness_bishkek,
vanessabeldaa,
jasevrenx,
gaponov__kirill,
matt_le_goff,
theycalledmeopa,
bizio777,
jepriarianto11,
smtfour,
elyakinder,
fitnes_victor,
galileoskydreamteam,
naamashtein,
adithrmdhn,
anastaccccy,
relish_official,
ambrecvz,
layslazoboli,
yulenka1,
lacountyfair,
nqtmrr,
zakoancona,
katya.gracheva13,
samybakar,
rumag,
platanistagames,
pployapw,
anya_kazakova13_maski,
ddobrayaa,
josmarav,
boginya_morozova,
devil_tretyak,
kikiemr91,
alina.bugina,
volshebnica_vostoka,
edicoesdamabi,
fazahrara,
sofyanradityaa,
lilprxa,
danila.vdm,
ricardomerinosan,
bia_mas,
mamirruquis,
febianadwia,
saumth,
dsmirnn,
yonhersi,
vsem.torba,
viktoriana_me,
caffenio,
nata__maski,
indrasadewa_,
fanmalik,
ezhecasual,
lalogiaparty,
godzilla.evento,
aldobarranco,
game.wir,
me.t.u,
seanalami,
crisstina.mm,
who_is_isma,
yanka_blog,
adam_bryan_,
ilmirakhan,
ndradelia_,
wunthompsonapac,
ne_tvoya_mechta_universe_,
luckyguy29,
holy.mgmt,
alejandro_zhadow,
tata_blogova,
donikix,
pookyy_pooky,
dickmunny,
linahayessss,
tedzted,
pososyamba,
geheimtipphamburg,
topomaseda,
ipahsya11,
serenaa.fioravanti,
antalya_photo_art,
xristi_blog,
ja_pawitchaya,
monkeythink_monkeydo,
japobs,
ana_boniatti,
yagafarov.denis,
leisafa,
mask.stime,
li_kg,
berezovskaya_n,
lv.igi,
yourpree_,
valenciaonn,
tatti_lashes,
alex.trapper,
bieyk,
danielapsotob,
kreativundfrei,
_l_b__,
bibi_fresh.avtopodbor,
esszimmer_tuebingen,
senyalbnv,
andron.off,
chiaoxchiao,
po_o_oo,
bekmuratovmukhammed,
wirakurnianda,
panjianugrh,
lpaul_galarza,
luca_de_re,
novissimoedgar,
victor_kyznetcov,
evalbaix,
victor_ataide,
_xynzel,
lambiasedj,
lipkevich_blog,
ichthyobook,
smfiltercreator,
cocinadeaddy,
reckachenko7,
fishh6789,
teukuululazmi,
keithymarcondes,
ratsuo_,
carnavales.ice,
graciedag,
pit56ru,
alma.dash,
a_tnvsov2312,
paologallo__,
terajuviralresources,
roma_hramtsov,
chaazova,
nabiilsart,
medievalistmatt,
artemgerashchenko_,
bdesaintcharles,
onlymestore,
aradgivon,
vicctoriyap,
alexanatalevich,
fridaynodrunk,
naiisu_nice,
ipodgurskiy,
thearchitect_diaries,
yavnonetvoi,
facucoceresg,
mr.chadd,
dddddddd.sh,
wwuuuxs,
uti.tiyanum,
karaminaz,
v.anessa_c.astro,
areyes.studio,
solimanlopez,
7pizza,
shabek,
tatianaelizzarova,
ol_sheg,
janssaaaa,
cray,
aln_a_pri,
nursxs,
lucasfercorrea,
pollygnchr,
dimasmong,
xpsychodaddyx,
ayunovitasariiii,
umm.djanisa,
sofieili,
altmultimedia,
kardelensenpinar_,
eyesonmila,
generationeffect,
roksi_molbeda_malvisha,
thana_anand,
crazy.angelo2,
filtrosboludos,
cosadeinfancia,
muammarrfarid,
euflorianapele,
vivilestate,
riaannda,
nickolas_sants,
emelin.impressions,
instaboozer,
natali.cheek,
__artura__,
kole4ka_soldat,
edgeloop_vfx,
bigfizruk,
marhelaa,
anaurilandia.ms,
cake_chadatan,
marvincoleridge,
dejotajairo,
jassonpowell,
arturr_nickel,
kymanovvvv,
fizrukjoe,
raketa.ua,
kiickassification,
cyber.dyne,
aparutaxi,
marcosdavisoficial,
amoeller,
sweetxszlatoust,
mandykaybart,
sekthour,
iqbalkhalied,
ege_istoria_natali,
kelam.bu,
crush.shitposting,
oleksandr_orlovskyi,
adrianoemerick,
lovectclove,
kochetoria,
xavierpavon,
jesusgonz21,
friki.filtros,
artesettima,
romanvityk__,
xxmarcusv,
dascalver,
giorgio_bartocci,
saeinvitation,
rumu.inno,
xarturoo,
daimanriquez_,
jonasamador,
nathaliardiniz,
skano94,
waktu.in,
andrezagoulart,
andressalvesm,
gaiaa.parroni,
sherealism,
ohnobreezy,
naoomich,
lussy.secrets,
gwi_mx,
agendaculturalpy,
evsler,
effectsbyelisa,
smartplusprof,
kpop_00125,
javiabadr,
giov._lc,
kuiiiii__,
chaniss.ara,
dpo_ot_dushi,
_n_toxic_b_,
lssvarun0691,
mondaymorningmill,
itsfrankn,
dianarodd,
catytonelli,
iwdstr,
david.prank,
m_por22,
samuelmecenas,
oopsyoudiditagain,
ruban_mary,
maya.boisha,
dmitriy.antonov.ua,
sportnews_kuban,
shueth,
113_nag,
jennifercleo,
pandroid,
thioclanggaa,
alisarechkina,
zamtonya,
niconrman,
kevynkurpiers,
seialmusicale_official,
dina.wowlife,
8.2khawton,
matteornati,
leonid.magin,
krisss.rose,
polly_.k_,
jennieramida,
julia.sirotkina,
againandagainsg,
rizkyamelsuryadi,
say_masks,
itsagustini,
selfcarebaby_rus,
mike_vanegas,
nabilawhrdni,
micahblut,
likeyxgod,
freitasmel_,
yksnotum,
elvina_infobusiness,
demerara_capella,
cloe.vncnt,
joypjt,
elvinmammadou,
spkbnn,
sophisticatedfinest,
_ooooostp_,
stakkerable,
_roncohen__,
pmbrovi_ulanude,
lortografico,
voronski,
_wwrdsick,
ipaulmusic,
jennnital,
fairuza.rm,
ttwinkerbelle,
josekanijo,
jackjerry,
microadbladeid,
husnularsal,
t.yu.boger,
ichillaa,
hafizabrar_,
oclaus__,
mar.maries,
olljabantik,
davidhadden,
foodtraveller.ind,
cevcolegio,
adellianatasyaa,
lornesqirinxhi,
aompk_28,
origamieventos,
donna_adi,
anggyedo,
esthefannybezerra,
aryoprayogi,
ummoficial,
seashoring,
shockreative,
di._kh,
justjimmyd,
mymuesli,
francescochrc,
lunevaaaa,
you_ar_welcome,
agence_castor_et_pollux,
tricahyani._,
chelihirsh,
_lusciously_,
ekanurfitriani_,
studyqacom,
dorogovaaa,
ura_ru,
pabloskyam,
nika_sin,
luhur_pam,
alma.rehovot,
ana_ichh,
magadan_live__,
g.nika._,
annamirg,
brianptv,
jameswhitbyeffects,
frz.ra,
skyflowers13,
herry.with.an.e,
schleichofficial,
avidaquevejo,
hainafi_,
yanatonoyan,
shafwanpratama,
blinn4ik_1,
kovan0401,
klxx80,
blisseditions,
_simply_girll_,
blackdogbkk,
rijiu_le,
fayyadhatha_,
manudelamnb,
jinjisbae_an,
ledolilly,
adhi_ardiansyah,
andrea_sest,
kirysha.qq,
nattawan_mat,
ismaaa_nm,
cesarpaarra,
ai.mattrl,
john_daddyy,
whydaniel_,
visafarova,
grodukboucar,
patriciasilvaneto,
dradenyzemacedo,
honeeeyy.puffs,
uriangray,
micheleguida._,
twenycrows,
chiara_tummi,
lais.frra,
lovebeautyandplanet_be,
foxsports,
mariasole_pollio,
hnamra,
cloegreco,
xsqueezie,
loogph,
rexxcas,
ymills.b,
eddyin3d,
nicholasbelo,
nodjname,
bennyrotlevy,
diana.rendi,
henze4,
mauricordoba,
iaian_,
andrecbrit,
i_glue,
xy.ae,
rikodhika,
mister.gc,
biancabopontisilva,
ianschepers,
thehanss,
danuvijama,
visualise_insta,
marinocapitanio,
shotbyrod,
huseyinkonukseven,
pettersonandreto,
vhonnaruto,
heyyeoj,
fran.garibay,
neha_chaudhary88,
cans.trkmn,
michaelalvesph,
mairabotelli,
nonalyzel,
_layla.artph,
mattia_mendicino,
isadmari,
karunstha,
shubhampanwar67,
jenchibi,
fede.bare,
seearushi,
xtriglav,
dockery.james,
danieleventuraa,
dbo.system32,
ghadir.taleb,
mkaizar,
yuf.tech,
kerkarcreations,
gwiyomay,
anup.81,
juliasloboda,
allanna_ss,
elvinmendoza,
tommydurante_,
aevostudio,
jeromeguitton,
luiizrossato,
jodde123,
rajdeep_rdm,
virtualdmns,
kpa.mp4,
mijnseoung,
iamadoo,
pallavi.ar.filters,
lednique,
manumicuanski,
eryliciouss,
patchisphotos,
teskarir,
santuccibianca,
filtereal,
daryaa108,
amitographic,
ajcolores,
omerbulutxs,
markmoscardi,
barcelonamusica,
agustinabavarde,
californianativegirl_ar,
edoardo_mazzoni,
emme_emmes,
arantzazupj,
jalehafshar,
viv_galinari,
elarisdibuja,
timirahj,
silichmasha,
timwhite,
sasha_soul_art,
nahedlajmi_,
ellenmazevedo,
maria_s_abina,
nunzia_rinaldi_,
fiorenciaraffa1980,
miranda.mckennay,
brunorecillas,
queenkimmyskingdom,
jeand0r,
fassasiskandar,
_ant.cheese_,
ainuno,
jorge_valdez2000,
gilangsandika,
topnailsbrazil,
danieledegiorgioph,
jain_shubham._,
va_marketing_,
Baruch021,
instamisu,
crearecreativit√†,
officialnmn,
zina_kovrova,
nicolasgrootjans,
teresayongty,
_cold.as.fire,
shreyans.7,
kiframe,
saada_rayane,
paulla.ilustra,
untepid,
eddyounan,
filtersanddesign,
fxarhub,
sereiahipster,
jagat.tuladhar,
empowa,
rezachav,
changuar,
farrkhatb,
najarrox,
bensartclub,
swapnilkhare_,
efeitosarte,
pheronike,
lizkiz5,
yourpalimariam,
liadk2006,
gr33v,
jutav_,
nicoletta_delellis,
florestagentil,
ppradyoth,
cinadinfinitum,
syuenart,
party_maski,
di_zholi,
sophycraman,
firmansyahbl,
ajeeb,
asgard_off,
thisisjyyeung,
therafterman,
niarsenide,
johnnyyaacoublb,
rerainy,
nvmoffisial,
ah_hui98,
raven.lo,
thebensimon,
murdolo.d,
ar_kanikakumar,
2002val,
filterbagus,
nyebae_,
__octrn,
chuuravityx,
bruno_dalessandro99,
im.neno23,
alessiosaporita,
andrea_deiro,
mx.nu,
simonecanciello,
ester_giordano,
mariovncg,
francescarizzo26,
_alessiogambera,
emanuelenocera,
danielpentie,
_stefania_cocchiara_,
costantino.eu,
marta.losito,
theviennari,
daniele_paterno,
_lucaamaggio,
ghost.production,
adessoscrivo,
luca96magic,
alessio_casamento,
the_peppe,
fabianapanico,
fraahkkk,
heyame_cos,
mattiaamoroni,
giacomo__guidetti,
esse_gi23,
guiaagostinii,
giada.brenci,
matacena_ph,
the_picture_of_k,
thomas.pasinato,
_debeemama,
l.cobelli,
martigualtierii,
emanuele.santaniello,
matteo_gerbaudo,
miriam.ve,
cloiann,
_.asiaasiaa._,
_all_things_i_like_,
havesomenoon,
anto_difiore,
onesgraphics,
dhwajia,
prod.carlos,
yulia_hakman,
costacicala,
sarychic,
gabrisp,
wondan,
anisfeed,
lisfaa17,
anlis_ar,
moncarvalho_,
rifanovisbee,
nrlfdllh,
anacasciello,
felipemeloig,
viniroutine,
sarah,
anidiaze,
filipe,
ellmerrs,
martin.minterguiaga,
nicolaas.giil,
khris.tinaaa,
weitaaaa,
lenalegoo,
brianzaton,
lisishhh,
mauricepehle,
romulo_plima,
nicolascarvi,
sir_zara,
ilona_rei,
urikume,
lyandersong,
alis_look,
nastasiazis,
richardnatann,
smm.mamka,
daniellim97_,
gaboroberto,
pawonarts,
glenti.vlashi,
ninokamikaze,
shameernyc,
bleykhera,
dans.party,
filterfactory.io,
perhindole,
bohemelu,
thejack.k,
jessiedinizz,
eldines,
sakura_lun,
cherwin0528,
elweondelosfiltros,
isgabos,
shanetizon,
okayrama,
hadarmoyal56,
viniciusfdb,
filtros.yasmim,
popsicle_illusion,
omargcasanova,
harsh.palan,
arshdeep_singh_1996,
larissalaira_,
nottodaybruhh,
ve9an,
angelo.difuccia,
agonizador,
_valerio._,
iamgeri_c,
lucaanzano,
zalightr,
a.fngii,
naaaviiii,
gastongarriga_,
yologram_creations,
Matteo.mezzanato,
fernanda.nuso,
_rayleung,
antoniodimuoio_,
instalazzaa,
lesfotosdeltet,
daffaghiffariku,
tamaradantas,
esteban_zabala,
chiara.villani,
tadyellow,
danielesaba.it,
danielemarcatoo,
asia.morelli,
ekrulila,
diabolikgame,
rap,
juliajulljulia,
orensito,
deedo11_,
nosoyesepibe,
shadowfactory.io,
heliosz.17,
shotsbyseah,
wolmezock,
zagoguic,
puffazmadeit,
_.soan_papdi._,
adrian.coello,
madebyhumans_,
filters.land,
afaq_aziz_khan,
ishrat.urmi,
agarestudio,
oimuris,
paulobrawss,
kevinkoci,
ahmed.alyousify,
V_melisa_,
tanushree.Vaidya,
aarumakesfilters,
garagolo,
ashleyviolette,
vidhiarfilters,
francescogrimaldi94,
suyash_tailor,
lufth_hansa,
MoreFiltersPls,
wirandy_saputra,
Chantelle.png,
yenshowww,
karim_bzn,
britordesigns,
tusfiltrosdemoda,
paulamalencia,
dleacoe,
verzerk,
ellenlivi,
filterqu,
tobjasz.arfilters,
Kleinealdo,
tankydarling,
gefenassor,
analuizabrm,
sandxru,
filtersbynoor,
paugalis,
della_fr,
jxyci,
samsipahi,
natalli722,
hyeoh.kr,
maryy.filip,
brunob_93,
rubeenalbur_,
prettyboyloca,
irynazhyrnova,
so_u_bhagya.1999,
letiziaegaddi,
carrieableart,
yasincereza,
aboutgeri,
raquelvsa,
griffinraphaelmusic,
sleepxtite,
urbanlordss,
gabrielamaedetres,
adityaassa,
paulajoanol,
besok.gowes,
preska_,
ahuatziv,
steniodamas,
lucid.luke,
maegantarran,
restuhendry_,
sam_pathum,
sebastianioan.ro,
jeet_budhiraja,
zshiv,
luliberard,
rezzzairawan,
artby_fatma,
anshsethiiii,
ameninadosfiltros,
himanshu_choudhari,
navegardigital,
carlulita.ar,
septianaaays_,
akasyedmohtesham,
itskaterose,
manal.chehade,
iampeterjudge,
im.krisztian,
aliiereng,
merinnkoc,
pearson1091,
coach_smirnova,
aziza.kadyri,
sinto.mp4,
alana.arx,
notmarkanade,
zakorlay,
amanda.collaborative,
bladykruk,
4dhd.xyz,
aevtarperform,
joseantoniops_,
tibormartini,
crimpproduction,
almogsegall,
mchmdbrian,
zeryali,
luhleandro,
ciril.tr,
fucks1dney,
xrsolucoes,
dvriiiv,
yasinrazack,
dobledobleve,
masha_shestak,
prakhargandhi,
yair_born,
flair.mrkt,
pavicivan,
damonncho,
ahmad._gamal,
alanaaqui,
_pupaaaa,
itay_afriat,
simone.obj,
nitipoomr,
_edu.bermeo,
boardgame_ar,
naileditbyfee,
dalessandrodesign,
vidanaak,
rajatb555,
shahrulestar,
Shirgeva,
battistoniii,
ourgreendays,
prapti_k98,
nicolaskadri,
realbakari,
__imjack,
dovble.d,
luigi.aprile,
teomarco.foggia,
giulslively,
persoana.ro,
_debeermama,
aboutnels,
alessiogambera,
monica_spo,
frapicture_,
lovedimension.art,
amiralisam,
greendot.vip,
janicenotnice,
amaan__ahmed,
kefindoktaf,
giseleduraes_,
lyxsw,
belzeburp,
marco_digesare,
_alessandro_staderini_,
veronica.dambr,
andreaa.congiu,
kornienko.dan,
giogenius_,
manuelairena,
heymarinn,
lyo.thecat,
ssilvialuciani,
elenaagiunta,
olga.romio,
annagey,
sissiottostyle,
alex_premoli,
frenzine,
filippodicaprio_,
lorenzo.manunza,
carlabeattriz,
luigichiurchi,
bianco_mat,
ramsk_,
claudio.pagnacco,
elenascotton,
perri_vibes,
simonediana,
albertotoia_,
alessandro_ilari,
claudiiagz,
abnoabi,
melissaavinci,
salvatoreambrosiocreator,
giiordi_,
puginiii,
peppnapp,
tyronsemeraro,
_wondercouple_,
valentinafradegrada,
